{
    "ttft": 789.6435549764922,
    "avg_topt": 108.02175975321308,
    "total_time": 110.40576873403607,
    "token_count": 1015.6060606060606,
    "avg_throughput": 9.233879734025066
}