{
    "ttft": 615.0078195514101,
    "avg_topt": 150.5990457156502,
    "total_time": 134.79799695930095,
    "token_count": 892.7777777777778,
    "avg_throughput": 6.686546854055822
}