{
    "ttft": 866.8599007081012,
    "avg_topt": 227.8080203138299,
    "total_time": 61.20891840360603,
    "token_count": 260.2857142857143,
    "avg_throughput": 4.352569300149966
}